Name,Age,Gender,Total Income,Utilities,Entertainment,School Fees,Shopping,Healthcare
John,30,Male,5000,200,300,400,500,100
Jane,25,Female,4500,150,250,350,450,80
Alice,35,Female,6000,250,400,300,600,120
Bob,28,Male,4800,180,220,370,420,90
Emily,40,Female,5500,220,350,450,550,150
Michael,32,Male,5200,240,380,420,480,130
Sophia,27,Female,4700,160,280,320,400,70
William,45,Male,5800,280,450,500,650,200
Olivia,29,Female,4900,190,320,380,440,110
James,38,Male,6300,300,500,600,700,250
Ella,26,Female,4600,170,290,340,420,90
Alexander,33,Male,5100,230,360,430,510,140
Mia,31,Female,5400,260,420,470,570,180
Benjamin,42,Male,6000,270,480,550,620,220
Charlotte,30,Female,5200,240,380,420,480,130
